brand,image,colours
adage_studio_project_x_unrefyned,last_three_10.jpg,White
adage_studio_project_x_unrefyned,last_three_4.jpg,Brown
adage_studio_project_x_unrefyned,last_three_6.jpg,White
adage_studio_project_x_unrefyned,last_three_8.jpg,White
adama_paris,adama_paris_1.jpg,Orange
adama_paris,adama_paris_10.jpg,"Orange, Brown"
adama_paris,adama_paris_13.jpg,"Red, Orange"
adama_paris,adama_paris_15.jpg,Grey
adama_paris,adama_paris_17.jpg,Orange
adama_paris,adama_paris_18.jpg,Black
adama_paris,adama_paris_19.jpg,Orange
adama_paris,adama_paris_21.jpg,Brown
adama_paris,adama_paris_22.jpg,Red
adama_paris,adama_paris_23.jpg,Brown
adama_paris,adama_paris_3.jpg,"Red, Orange"
adama_paris,adama_paris_4.jpg,"Red, Orange"
adama_paris,adama_paris_6.jpg,"Yellow, Brown"
adama_paris,adama_paris_7.jpg,Orange
adama_paris,adama_paris_9.jpg,Yellow
ajabeng,ajabeng_1.jpg,Yellow
ajabeng,ajabeng_10.jpg,"Black, Grey"
ajabeng,ajabeng_11.jpg,White
ajabeng,ajabeng_12.jpg,Black
ajabeng,ajabeng_13.jpg,Black
ajabeng,ajabeng_14.jpg,Black
ajabeng,ajabeng_2.jpg,Yellow
ajabeng,ajabeng_3.jpg,"Yellow, Orange, Cream/Khaki/Beige"
ajabeng,ajabeng_4.jpg,Blue
ajabeng,ajabeng_5.jpg,Cream/Khaki/Beige
ajabeng,ajabeng_6.jpg,"Grey, White"
ajabeng,ajabeng_7.jpg,Yellow
ajanee,ajanee_1.jpg,Red
ajanee,ajanee_10.jpg,Blue
ajanee,ajanee_11.jpg,"Red, Purple"
ajanee,ajanee_12.jpg,"Pink, White"
ajanee,ajanee_13.jpg,"Pink, Blue"
ajanee,ajanee_14.jpg,"Purple, Blue"
ajanee,ajanee_15.jpg,"Red, Black"
ajanee,ajanee_16.jpg,Black
ajanee,ajanee_19.jpg,Black
ajanee,ajanee_2.jpg,Cream/Khaki/Beige
ajanee,ajanee_3.jpg,"Pink, Grey, Blue"
ajanee,ajanee_4.jpg,Yellow
ajanee,ajanee_5.jpg,White
ajanee,ajanee_6.jpg,Cream/Khaki/Beige
ajanee,ajanee_7.jpg,Purple
ajanee,ajanee_8.jpg,White
ajanee,ajanee_9.jpg,"White, Blue"
babayo,babayo_1.jpg,Orange
babayo,babayo_10.jpg,White
babayo,babayo_11.jpg,White
babayo,babayo_12.jpg,"Grey, White"
babayo,babayo_14.jpg,Cream/Khaki/Beige
babayo,babayo_16.jpg,"Red, Orange"
babayo,babayo_18.jpg,"Red, Orange"
babayo,babayo_19.jpg,Brown
babayo,babayo_2.jpg,Cream/Khaki/Beige
babayo,babayo_20.jpg,"Black, Grey"
babayo,babayo_21.jpg,Black
babayo,babayo_23.jpg,Black
babayo,babayo_24.jpg,"Purple, Grey, Black"
babayo,babayo_25.jpg,Black
babayo,babayo_26.jpg,Cream/Khaki/Beige
babayo,babayo_27.jpg,Cream/Khaki/Beige
babayo,babayo_28.jpg,"Cream/Khaki/Beige, White"
babayo,babayo_30.jpg,Cream/Khaki/Beige
babayo,babayo_31.jpg,Cream/Khaki/Beige
babayo,babayo_32.jpg,Cream/Khaki/Beige
babayo,babayo_33.jpg,Cream/Khaki/Beige
babayo,babayo_4.jpg,White
babayo,babayo_5.jpg,Brown
babayo,babayo_6.jpg,Brown
babayo,babayo_7.jpg,Brown
babayo,babayo_8.jpg,White
babayo,babayo_9.jpg,Brown
boyedoe,boyedoe_1.jpg,Red
boyedoe,boyedoe_10.jpg,Blue
boyedoe,boyedoe_11.jpg,White
boyedoe,boyedoe_12.jpg,Blue
boyedoe,boyedoe_13.jpg,Blue
boyedoe,boyedoe_14.jpg,Blue
boyedoe,boyedoe_15.jpg,Blue
boyedoe,boyedoe_16.jpg,Blue
boyedoe,boyedoe_17.jpg,"Grey, Blue"
boyedoe,boyedoe_18.jpg,Grey
boyedoe,boyedoe_19.jpg,Blue
boyedoe,boyedoe_21.jpg,Blue
boyedoe,boyedoe_23.jpg,Blue
boyedoe,boyedoe_25.jpg,Blue
boyedoe,boyedoe_26.jpg,Blue
boyedoe,boyedoe_29.jpg,Grey
boyedoe,boyedoe_3.jpg,"Orange, Brown"
boyedoe,boyedoe_6.jpg,"Red, Brown"
boyedoe,boyedoe_7.jpg,Cream/Khaki/Beige
boyedoe,boyedoe_8.jpg,Blue
boyedoe,boyedoe_9.jpg,Blue
cynthia_abila,cynthia_abila_10.jpg,White
cynthia_abila,cynthia_abila_11.jpg,Black
cynthia_abila,cynthia_abila_12.jpg,Orange
cynthia_abila,cynthia_abila_14.jpg,Orange
cynthia_abila,cynthia_abila_15.jpg,Orange
cynthia_abila,cynthia_abila_16.jpg,Black
cynthia_abila,cynthia_abila_17.jpg,"Orange, Cream/Khaki/Beige"
cynthia_abila,cynthia_abila_18.jpg,"Green, Brown"
cynthia_abila,cynthia_abila_19.jpg,Yellow
cynthia_abila,cynthia_abila_21.jpg,Green
cynthia_abila,cynthia_abila_22.jpg,Cream/Khaki/Beige
cynthia_abila,cynthia_abila_23.jpg,White
cynthia_abila,cynthia_abila_24.jpg,"Red, Purple"
cynthia_abila,cynthia_abila_25.jpg,Black
cynthia_abila,cynthia_abila_26.jpg,"Orange, Brown"
cynthia_abila,cynthia_abila_3.jpg,Cream/Khaki/Beige
cynthia_abila,cynthia_abila_4.jpg,Red
cynthia_abila,cynthia_abila_5.jpg,Orange
cynthia_abila,cynthia_abila_6.jpg,"Red, Pink"
cynthia_abila,cynthia_abila_7.jpg,"Red, Orange, White"
cynthia_abila,cynthia_abila_8.jpg,Black
cynthia_abila,cynthia_abila_9.jpg,"Grey, White"
desiree_iyama,desiree_iyama_1.jpg,Cream/Khaki/Beige
desiree_iyama,desiree_iyama_10.jpg,"Purple, Black"
desiree_iyama,desiree_iyama_11.jpg,Cream/Khaki/Beige
desiree_iyama,desiree_iyama_12.jpg,Purple
desiree_iyama,desiree_iyama_14.jpg,Brown
desiree_iyama,desiree_iyama_16.jpg,Pink
desiree_iyama,desiree_iyama_18.jpg,Red
desiree_iyama,desiree_iyama_19.jpg,Yellow
desiree_iyama,desiree_iyama_20.jpg,Black
desiree_iyama,desiree_iyama_21.jpg,Pink
desiree_iyama,desiree_iyama_22.jpg,Yellow
desiree_iyama,desiree_iyama_23.jpg,"Red, Pink, Orange"
desiree_iyama,desiree_iyama_24.jpg,Blue
desiree_iyama,desiree_iyama_25.jpg,"Cream/Khaki/Beige, White"
desiree_iyama,desiree_iyama_3.jpg,Grey
desiree_iyama,desiree_iyama_4.jpg,White
desiree_iyama,desiree_iyama_5.jpg,Black
desiree_iyama,desiree_iyama_6.jpg,White
desiree_iyama,desiree_iyama_7.jpg,Black
desiree_iyama,desiree_iyama_9.jpg,"Purple, Blue"
dimeji_ilori,dimeji_ilori_1.jpg,Red
dimeji_ilori,dimeji_ilori_10.jpg,Orange
dimeji_ilori,dimeji_ilori_11.jpg,"Purple, Pink"
dimeji_ilori,dimeji_ilori_12.jpg,Purple
dimeji_ilori,dimeji_ilori_13.jpg,Brown
dimeji_ilori,dimeji_ilori_14.jpg,Cream/Khaki/Beige
dimeji_ilori,dimeji_ilori_15.jpg,Orange
dimeji_ilori,dimeji_ilori_16.jpg,"Red, Pink"
dimeji_ilori,dimeji_ilori_18.jpg,"Red, Pink"
dimeji_ilori,dimeji_ilori_20.jpg,"Black, Blue"
dimeji_ilori,dimeji_ilori_21.jpg,"Purple, Grey, Blue"
dimeji_ilori,dimeji_ilori_23.jpg,Black
dimeji_ilori,dimeji_ilori_25.jpg,Brown
dimeji_ilori,dimeji_ilori_27.jpg,Purple
dimeji_ilori,dimeji_ilori_3.jpg,Red
dimeji_ilori,dimeji_ilori_4.jpg,"Red, Pink"
dimeji_ilori,dimeji_ilori_6.jpg,"Red, Purple"
dimeji_ilori,dimeji_ilori_9.jpg,"Purple, White"
eki_silk,eki_silk_10.jpg,"Red, Pink"
eki_silk,eki_silk_12.jpg,"Grey, White"
eki_silk,eki_silk_13.jpg,"Black, White"
eki_silk,eki_silk_14.jpg,White
eki_silk,eki_silk_2.jpg,"Cream/Khaki/Beige, White"
eki_silk,eki_silk_3.jpg,"Cream/Khaki/Beige, White"
eki_silk,eki_silk_4.jpg,Pink
eki_silk,eki_silk_5.jpg,Grey
eki_silk,eki_silk_6.jpg,Orange
eki_silk,eki_silk_7.jpg,"Yellow, Brown"
eki_silk,eki_silk_8.jpg,Brown
elexiay,elexiay_1.jpg,Purple
elexiay,elexiay_10.jpg,Pink
elexiay,elexiay_11.jpg,"Yellow, Orange, Cream/Khaki/Beige"
elexiay,elexiay_12.jpg,"Yellow, Orange"
elexiay,elexiay_13.jpg,"Cream/Khaki/Beige, White"
elexiay,elexiay_15.jpg,Grey
elexiay,elexiay_16.jpg,"Red, Pink, Orange"
elexiay,elexiay_17.jpg,"Red, Pink"
elexiay,elexiay_18.jpg,"Red, Pink"
elexiay,elexiay_2.jpg,"Purple, Blue"
elexiay,elexiay_3.jpg,"White, Blue"
elexiay,elexiay_5.jpg,Blue
elexiay,elexiay_6.jpg,"White, Blue"
elexiay,elexiay_7.jpg,"Pink, White"
elexiay,elexiay_8.jpg,Pink
elexiay,elexiay_9.jpg,Pink
emmy_kasbit,emmy_kasbit_10.jpg,"Red, Brown"
emmy_kasbit,emmy_kasbit_11.jpg,Pink
emmy_kasbit,emmy_kasbit_12.jpg,Pink
emmy_kasbit,emmy_kasbit_13.jpg,Blue
emmy_kasbit,emmy_kasbit_14.jpg,Pink
emmy_kasbit,emmy_kasbit_16.jpg,Brown
emmy_kasbit,emmy_kasbit_17.jpg,Cream/Khaki/Beige
emmy_kasbit,emmy_kasbit_18.jpg,"Red, Brown"
emmy_kasbit,emmy_kasbit_19.jpg,"Orange, Cream/Khaki/Beige"
emmy_kasbit,emmy_kasbit_2.jpg,Brown
emmy_kasbit,emmy_kasbit_20.jpg,White
emmy_kasbit,emmy_kasbit_21.jpg,Brown
emmy_kasbit,emmy_kasbit_23.jpg,Brown
emmy_kasbit,emmy_kasbit_24.jpg,Blue
emmy_kasbit,emmy_kasbit_25.jpg,Blue
emmy_kasbit,emmy_kasbit_26.jpg,Blue
emmy_kasbit,emmy_kasbit_28.jpg,"Red, Brown"
emmy_kasbit,emmy_kasbit_30.jpg,"Red, Brown"
emmy_kasbit,emmy_kasbit_31.jpg,Pink
emmy_kasbit,emmy_kasbit_33.jpg,Blue
emmy_kasbit,emmy_kasbit_34.jpg,Orange
emmy_kasbit,emmy_kasbit_36.jpg,Brown
emmy_kasbit,emmy_kasbit_38.jpg,Brown
emmy_kasbit,emmy_kasbit_39.jpg,"Grey, Blue"
emmy_kasbit,emmy_kasbit_4.jpg,"Orange, Brown"
emmy_kasbit,emmy_kasbit_40.jpg,Blue
emmy_kasbit,emmy_kasbit_41.jpg,Red
emmy_kasbit,emmy_kasbit_5.jpg,White
emmy_kasbit,emmy_kasbit_6.jpg,"Cream/Khaki/Beige, White"
emmy_kasbit,emmy_kasbit_7.jpg,"Cream/Khaki/Beige, White"
emmy_kasbit,emmy_kasbit_8.jpg,"Red, Purple, Pink"
emmy_kasbit,emmy_kasbit_9.jpg,Red
eso_by_liman,eso_by_liman_1.jpg,Black
eso_by_liman,eso_by_liman_10.jpg,"Grey, White"
eso_by_liman,eso_by_liman_11.jpg,Red
eso_by_liman,eso_by_liman_12.jpg,Red
eso_by_liman,eso_by_liman_14.jpg,"Yellow, Orange"
eso_by_liman,eso_by_liman_16.jpg,White
eso_by_liman,eso_by_liman_17.jpg,"Cream/Khaki/Beige, White"
eso_by_liman,eso_by_liman_2.jpg,White
eso_by_liman,eso_by_liman_21.jpg,Blue
eso_by_liman,eso_by_liman_22.jpg,"Black, Grey"
eso_by_liman,eso_by_liman_23.jpg,Black
eso_by_liman,eso_by_liman_24.jpg,Black
eso_by_liman,eso_by_liman_25.jpg,White
eso_by_liman,eso_by_liman_26.jpg,"Black, Grey"
eso_by_liman,eso_by_liman_27.jpg,"Black, Grey"
eso_by_liman,eso_by_liman_28.jpg,Red
eso_by_liman,eso_by_liman_3.jpg,White
eso_by_liman,eso_by_liman_30.jpg,"Yellow, Orange, Brown"
eso_by_liman,eso_by_liman_4.jpg,White
eso_by_liman,eso_by_liman_5.jpg,"White, Blue"
eso_by_liman,eso_by_liman_6.jpg,"Grey, Blue"
eso_by_liman,eso_by_liman_7.jpg,Black
eso_by_liman,eso_by_liman_9.jpg,White
for_style_sake,for_style_sake_1.jpg,"Red, Blue"
for_style_sake,for_style_sake_10.jpg,"Purple, Black"
for_style_sake,for_style_sake_11.jpg,"Black, Grey"
for_style_sake,for_style_sake_12.jpg,White
for_style_sake,for_style_sake_14.jpg,Cream/Khaki/Beige
for_style_sake,for_style_sake_16.jpg,Red
for_style_sake,for_style_sake_17.jpg,"Green, Cream/Khaki/Beige"
for_style_sake,for_style_sake_19.jpg,Brown
for_style_sake,for_style_sake_2.jpg,"Purple, Blue"
for_style_sake,for_style_sake_21.jpg,"Green, Black"
for_style_sake,for_style_sake_22.jpg,Red
for_style_sake,for_style_sake_23.jpg,Purple
for_style_sake,for_style_sake_25.jpg,Brown
for_style_sake,for_style_sake_28.jpg,White
for_style_sake,for_style_sake_29.jpg,"Green, Black"
for_style_sake,for_style_sake_30.jpg,Blue
for_style_sake,for_style_sake_31.jpg,Blue
for_style_sake,for_style_sake_4.jpg,Green
for_style_sake,for_style_sake_6.jpg,Blue
for_style_sake,for_style_sake_7.jpg,Purple
for_style_sake,for_style_sake_9.jpg,Grey
fruche,fruche_1.jpg,"Pink, White"
fruche,fruche_10.jpg,Red
fruche,fruche_12.jpg,Grey
fruche,fruche_13.jpg,Black
fruche,fruche_14.jpg,"Grey, Blue"
fruche,fruche_16.jpg,"White, Blue"
fruche,fruche_17.jpg,Grey
fruche,fruche_18.jpg,"Grey, White"
fruche,fruche_2.jpg,"Black, Grey"
fruche,fruche_21.jpg,White
fruche,fruche_22.jpg,"Grey, Blue"
fruche,fruche_23.jpg,White
fruche,fruche_24.jpg,White
fruche,fruche_25.jpg,Black
fruche,fruche_26.jpg,Blue
fruche,fruche_27.jpg,Black
fruche,fruche_28.jpg,"Black, Grey"
fruche,fruche_29.jpg,Black
fruche,fruche_3.jpg,"Purple, Blue"
fruche,fruche_31.jpg,White
fruche,fruche_33.jpg,Red
fruche,fruche_4.jpg,Blue
fruche,fruche_5.jpg,Red
fruche,fruche_6.jpg,"Red, Purple"
fruche,fruche_7.jpg,Black
fruche,fruche_8.jpg,Black
fruche,fruche_9.jpg,Red
hawa_paris,hawa_paris_1.jpg,White
hawa_paris,hawa_paris_10.jpg,Black
hawa_paris,hawa_paris_11.jpg,Blue
hawa_paris,hawa_paris_13.jpg,Blue
hawa_paris,hawa_paris_14.jpg,Blue
hawa_paris,hawa_paris_16.jpg,White
hawa_paris,hawa_paris_17.jpg,"White, Blue"
hawa_paris,hawa_paris_19.jpg,Cream/Khaki/Beige
hawa_paris,hawa_paris_2.jpg,White
hawa_paris,hawa_paris_20.jpg,White
hawa_paris,hawa_paris_22.jpg,White
hawa_paris,hawa_paris_26.jpg,Blue
hawa_paris,hawa_paris_28.jpg,Blue
hawa_paris,hawa_paris_29.jpg,Blue
hawa_paris,hawa_paris_3.jpg,Pink
hawa_paris,hawa_paris_30.jpg,White
hawa_paris,hawa_paris_32.jpg,"Black, Blue"
hawa_paris,hawa_paris_33.jpg,Blue
hawa_paris,hawa_paris_5.jpg,"Pink, Blue"
hawa_paris,hawa_paris_7.jpg,Purple
hawa_paris,hawa_paris_8.jpg,Black
hawa_paris,hawa_paris_9.jpg,"Black, Grey"
hertunba,hertunba_10.jpg,"Cream/Khaki/Beige, White"
hertunba,hertunba_12.jpg,"Cream/Khaki/Beige, White"
hertunba,hertunba_14.jpg,White
hertunba,hertunba_15.jpg,"Black, Grey"
hertunba,hertunba_16.jpg,"Cream/Khaki/Beige, White"
hertunba,hertunba_18.jpg,Blue
hertunba,hertunba_19.jpg,Blue
hertunba,hertunba_21.jpg,Black
hertunba,hertunba_22.jpg,"Black, Blue"
hertunba,hertunba_24.jpg,Blue
hertunba,hertunba_26.jpg,Black
hertunba,hertunba_27.jpg,White
hertunba,hertunba_28.jpg,White
hertunba,hertunba_29.jpg,"Purple, Cream/Khaki/Beige"
hertunba,hertunba_30.jpg,Black
hertunba,hertunba_31.jpg,Black
hertunba,hertunba_32.jpg,Black
hertunba,hertunba_33.jpg,"Black, Grey"
hertunba,hertunba_4.jpg,Black
hertunba,hertunba_5.jpg,White
hertunba,hertunba_6.jpg,Cream/Khaki/Beige
ibilola_ogundipe,ibilola_ogundipe_11.jpg,Blue
ibilola_ogundipe,ibilola_ogundipe_13.jpg,"Cream/Khaki/Beige, White"
ibilola_ogundipe,ibilola_ogundipe_14.jpg,Blue
ibilola_ogundipe,ibilola_ogundipe_15.jpg,Cream/Khaki/Beige
ibilola_ogundipe,ibilola_ogundipe_16.jpg,Cream/Khaki/Beige
ibilola_ogundipe,ibilola_ogundipe_17.jpg,Blue
ibilola_ogundipe,ibilola_ogundipe_18.jpg,"Red, Orange"
ibilola_ogundipe,ibilola_ogundipe_19.jpg,"Red, Pink"
ibilola_ogundipe,ibilola_ogundipe_2.jpg,Pink
ibilola_ogundipe,ibilola_ogundipe_20.jpg,Blue
ibilola_ogundipe,ibilola_ogundipe_23.jpg,"Red, Orange"
ibilola_ogundipe,ibilola_ogundipe_3.jpg,Blue
ibilola_ogundipe,ibilola_ogundipe_4.jpg,Blue
ibilola_ogundipe,ibilola_ogundipe_7.jpg,Blue
ibilola_ogundipe,ibilola_ogundipe_9.jpg,"White, Blue"
imad_eduso,imad_eduso_10.jpg,Cream/Khaki/Beige
imad_eduso,imad_eduso_11.jpg,Cream/Khaki/Beige
imad_eduso,imad_eduso_12.jpg,White
imad_eduso,imad_eduso_13.jpg,White
imad_eduso,imad_eduso_15.jpg,White
imad_eduso,imad_eduso_16.jpg,White
imad_eduso,imad_eduso_19.jpg,Blue
imad_eduso,imad_eduso_2.jpg,"Red, Brown"
imad_eduso,imad_eduso_20.jpg,"Black, Blue"
imad_eduso,imad_eduso_23.jpg,"Brown, Cream/Khaki/Beige"
imad_eduso,imad_eduso_24.jpg,Pink
imad_eduso,imad_eduso_26.jpg,Pink
imad_eduso,imad_eduso_27.jpg,"Grey, White"
imad_eduso,imad_eduso_29.jpg,Pink
imad_eduso,imad_eduso_32.jpg,"Cream/Khaki/Beige, White"
imad_eduso,imad_eduso_4.jpg,Red
imad_eduso,imad_eduso_5.jpg,"Pink, Blue"
imad_eduso,imad_eduso_6.jpg,"Purple, Pink"
jzo,jzo_10.jpg,"Black, Grey"
jzo,jzo_11.jpg,Grey
jzo,jzo_13.jpg,Black
jzo,jzo_15.jpg,"Black, Grey"
jzo,jzo_16.jpg,White
jzo,jzo_18.jpg,"Grey, White"
jzo,jzo_2.jpg,"Black, Grey"
jzo,jzo_3.jpg,"Black, Grey"
jzo,jzo_4.jpg,"Black, Grey"
jzo,jzo_5.jpg,"Black, Grey"
jzo,jzo_6.jpg,"Black, Grey"
jzo,jzo_7.jpg,"Black, Grey"
jzo,jzo_8.jpg,Black
jzo,jzo_9.jpg,Black
lb_lumina,lb_lumina_1.jpg,Brown
lb_lumina,lb_lumina_10.jpg,"Purple, Blue"
lb_lumina,lb_lumina_11.jpg,"White, Blue"
lb_lumina,lb_lumina_12.jpg,"Red, Black, Purple"
lb_lumina,lb_lumina_14.jpg,Red
lb_lumina,lb_lumina_15.jpg,"Red, Purple"
lb_lumina,lb_lumina_17.jpg,Pink
lb_lumina,lb_lumina_18.jpg,Pink
lb_lumina,lb_lumina_2.jpg,Brown
lb_lumina,lb_lumina_4.jpg,"Orange, Brown"
lb_lumina,lb_lumina_5.jpg,Orange
lb_lumina,lb_lumina_6.jpg,"Yellow, Orange"
lb_lumina,lb_lumina_9.jpg,"Purple, Blue"
left_of_yaba_x_jilk,last_three_14.jpg,Blue
left_of_yaba_x_jilk,last_three_17.jpg,Blue
left_of_yaba_x_jilk,last_three_21.jpg,"Purple, Blue"
left_of_yaba_x_jilk,last_three_23.jpg,"Grey, Blue"
left_of_yaba_x_jilk,last_three_29.jpg,Blue
lfj,lfj_1.jpg,"White, Blue"
lfj,lfj_10.jpg,"Green, Grey"
lfj,lfj_11.jpg,Cream/Khaki/Beige
lfj,lfj_13.jpg,"Grey, White"
lfj,lfj_14.jpg,"Pink, Cream/Khaki/Beige"
lfj,lfj_15.jpg,"Pink, Grey"
lfj,lfj_16.jpg,"Grey, Blue"
lfj,lfj_17.jpg,White
lfj,lfj_18.jpg,Pink
lfj,lfj_19.jpg,Cream/Khaki/Beige
lfj,lfj_2.jpg,Pink
lfj,lfj_20.jpg,"Black, Grey"
lfj,lfj_21.jpg,Black
lfj,lfj_23.jpg,Black
lfj,lfj_24.jpg,Cream/Khaki/Beige
lfj,lfj_26.jpg,Cream/Khaki/Beige
lfj,lfj_27.jpg,Cream/Khaki/Beige
lfj,lfj_28.jpg,Blue
lfj,lfj_29.jpg,Blue
lfj,lfj_31.jpg,Cream/Khaki/Beige
lfj,lfj_32.jpg,"Red, Black"
lfj,lfj_33.jpg,Grey
lfj,lfj_34.jpg,"Yellow, Purple, Blue"
lfj,lfj_4.jpg,"Pink, White"
lfj,lfj_5.jpg,Yellow
lfj,lfj_7.jpg,"Yellow, Cream/Khaki/Beige"
lfj,lfj_8.jpg,Red
lfj,lfj_9.jpg,"Grey, White, Blue"
lila_bare,lila_bare_1.jpg,"Red, Orange, Brown"
lila_bare,lila_bare_10.jpg,Cream/Khaki/Beige
lila_bare,lila_bare_12.jpg,Cream/Khaki/Beige
lila_bare,lila_bare_14.jpg,Cream/Khaki/Beige
lila_bare,lila_bare_15.jpg,Cream/Khaki/Beige
lila_bare,lila_bare_17.jpg,Cream/Khaki/Beige
lila_bare,lila_bare_19.jpg,Brown
lila_bare,lila_bare_2.jpg,Cream/Khaki/Beige
lila_bare,lila_bare_21.jpg,Cream/Khaki/Beige
lila_bare,lila_bare_22.jpg,"Cream/Khaki/Beige, White"
lila_bare,lila_bare_23.jpg,Cream/Khaki/Beige
lila_bare,lila_bare_24.jpg,Cream/Khaki/Beige
lila_bare,lila_bare_25.jpg,"Red, Orange"
lila_bare,lila_bare_28.jpg,"Cream/Khaki/Beige, White"
lila_bare,lila_bare_3.jpg,"Cream/Khaki/Beige, White"
lila_bare,lila_bare_30.jpg,Orange
lila_bare,lila_bare_32.jpg,"Cream/Khaki/Beige, White"
lila_bare,lila_bare_33.jpg,Orange
lila_bare,lila_bare_34.jpg,White
lila_bare,lila_bare_36.jpg,Cream/Khaki/Beige
lila_bare,lila_bare_37.jpg,"Cream/Khaki/Beige, White"
lila_bare,lila_bare_5.jpg,Orange
lila_bare,lila_bare_7.jpg,Cream/Khaki/Beige
lila_bare,lila_bare_8.jpg,Cream/Khaki/Beige
maison_alulla,maison_alulla_1.jpg,Black
maison_alulla,maison_alulla_10.jpg,Cream/Khaki/Beige
maison_alulla,maison_alulla_13.jpg,White
maison_alulla,maison_alulla_14.jpg,"Black, Blue"
maison_alulla,maison_alulla_15.jpg,Blue
maison_alulla,maison_alulla_16.jpg,Black
maison_alulla,maison_alulla_17.jpg,Black
maison_alulla,maison_alulla_18.jpg,Grey
maison_alulla,maison_alulla_19.jpg,"Purple, Pink"
maison_alulla,maison_alulla_2.jpg,Black
maison_alulla,maison_alulla_20.jpg,"Purple, Pink"
maison_alulla,maison_alulla_21.jpg,"Purple, Blue"
maison_alulla,maison_alulla_22.jpg,Pink
maison_alulla,maison_alulla_23.jpg,"Pink, White"
maison_alulla,maison_alulla_24.jpg,Purple
maison_alulla,maison_alulla_3.jpg,Black
maison_alulla,maison_alulla_4.jpg,Black
maison_alulla,maison_alulla_5.jpg,Cream/Khaki/Beige
maison_alulla,maison_alulla_6.jpg,"Grey, White"
maison_alulla,maison_alulla_7.jpg,Cream/Khaki/Beige
maison_alulla,maison_alulla_8.jpg,White
maison_alulla,maison_alulla_9.jpg,Red
maxjenny,maxjenny_1.jpg,Red
maxjenny,maxjenny_2.jpg,"Red, Pink"
maxjenny,maxjenny_3.jpg,White
maxjenny,maxjenny_4.jpg,"Black, Grey"
mot_the_label,mot_the_label_10.jpg,"Red, Pink"
mot_the_label,mot_the_label_11.jpg,Black
mot_the_label,mot_the_label_12.jpg,"Purple, Black"
mot_the_label,mot_the_label_13.jpg,"Red, Black"
mot_the_label,mot_the_label_14.jpg,Brown
mot_the_label,mot_the_label_17.jpg,Cream/Khaki/Beige
mot_the_label,mot_the_label_2.jpg,Pink
mot_the_label,mot_the_label_3.jpg,Pink
mot_the_label,mot_the_label_5.jpg,"Black, Blue"
mot_the_label,mot_the_label_6.jpg,Blue
mot_the_label,mot_the_label_7.jpg,Brown
mot_the_label,mot_the_label_8.jpg,Brown
mot_the_label,mot_the_label_9.jpg,"Black, Brown"
ndiiche_x_sinae,last_three_35.jpg,"Red, Purple"
ndiiche_x_sinae,last_three_38.jpg,Red
ndiiche_x_sinae,last_three_40.jpg,Blue
ndiiche_x_sinae,last_three_46.jpg,"Red, Black"
ndiiche_x_sinae,last_three_50.jpg,Purple
nkwo,nkwo_1.jpg,White
nkwo,nkwo_11.jpg,"Grey, White"
nkwo,nkwo_12.jpg,Cream/Khaki/Beige
nkwo,nkwo_13.jpg,Red
nkwo,nkwo_15.jpg,Black
nkwo,nkwo_16.jpg,Cream/Khaki/Beige
nkwo,nkwo_17.jpg,"Grey, White"
nkwo,nkwo_18.jpg,Blue
nkwo,nkwo_19.jpg,"Black, Blue"
nkwo,nkwo_2.jpg,Black
nkwo,nkwo_20.jpg,"Orange, Cream/Khaki/Beige"
nkwo,nkwo_3.jpg,"Grey, White"
nkwo,nkwo_4.jpg,Blue
nkwo,nkwo_5.jpg,"Black, Purple"
nkwo,nkwo_6.jpg,White
nkwo,nkwo_7.jpg,White
nkwo,nkwo_8.jpg,"Black, Grey"
nkwo,nkwo_9.jpg,Blue
nya,nya_1.jpg,White
nya,nya_10.jpg,White
nya,nya_11.jpg,White
nya,nya_13.jpg,Yellow
nya,nya_14.jpg,Yellow
nya,nya_15.jpg,"Green, Grey"
nya,nya_16.jpg,Green
nya,nya_17.jpg,White
nya,nya_18.jpg,Blue
nya,nya_2.jpg,White
nya,nya_20.jpg,Blue
nya,nya_21.jpg,White
nya,nya_23.jpg,Blue
nya,nya_24.jpg,Blue
nya,nya_26.jpg,Blue
nya,nya_28.jpg,"Grey, White"
nya,nya_29.jpg,"Purple, White, Blue"
nya,nya_30.jpg,"Purple, Blue"
nya,nya_31.jpg,"Pink, Cream/Khaki/Beige"
nya,nya_33.jpg,White
nya,nya_34.jpg,White
nya,nya_4.jpg,White
nya,nya_6.jpg,White
nya,nya_7.jpg,White
nya,nya_8.jpg,White
nya,nya_9.jpg,White
olooh,olooh_10.jpg,Red
olooh,olooh_11.jpg,Black
olooh,olooh_12.jpg,Black
olooh,olooh_13.jpg,Brown
olooh,olooh_14.jpg,Black
olooh,olooh_16.jpg,Black
olooh,olooh_2.jpg,"Brown, Cream/Khaki/Beige"
olooh,olooh_3.jpg,Blue
olooh,olooh_4.jpg,"Black, Grey"
olooh,olooh_5.jpg,Black
olooh,olooh_6.jpg,Blue
olooh,olooh_7.jpg,"Red, Orange"
olooh,olooh_9.jpg,Black
oshobor,oshobor_1.jpg,White
oshobor,oshobor_10.jpg,Grey
oshobor,oshobor_11.jpg,"Black, Grey"
oshobor,oshobor_12.jpg,"Black, Grey"
oshobor,oshobor_13.jpg,Orange
oshobor,oshobor_14.jpg,"Yellow, Brown"
oshobor,oshobor_15.jpg,Black
oshobor,oshobor_16.jpg,Black
oshobor,oshobor_17.jpg,Black
oshobor,oshobor_18.jpg,Red
oshobor,oshobor_19.jpg,"Red, Black, Grey"
oshobor,oshobor_2.jpg,"Black, Blue"
oshobor,oshobor_20.jpg,Red
oshobor,oshobor_21.jpg,Black
oshobor,oshobor_22.jpg,Black
oshobor,oshobor_23.jpg,Black
oshobor,oshobor_24.jpg,Black
oshobor,oshobor_25.jpg,"Black, Grey"
oshobor,oshobor_3.jpg,White
oshobor,oshobor_4.jpg,Black
oshobor,oshobor_5.jpg,Black
oshobor,oshobor_6.jpg,Orange
oshobor,oshobor_7.jpg,Black
oshobor,oshobor_8.jpg,Blue
oshobor,oshobor_9.jpg,Grey
pepperrow,pepperrow_10.jpg,"White, Blue"
pepperrow,pepperrow_11.jpg,"Grey, White"
pepperrow,pepperrow_13.jpg,"Black, Purple"
pepperrow,pepperrow_14.jpg,Black
pepperrow,pepperrow_15.jpg,"Purple, Blue"
pepperrow,pepperrow_16.jpg,Black
pepperrow,pepperrow_18.jpg,"Brown, Blue"
pepperrow,pepperrow_19.jpg,White
pepperrow,pepperrow_20.jpg,Black
pepperrow,pepperrow_21.jpg,White
pepperrow,pepperrow_22.jpg,White
pepperrow,pepperrow_25.jpg,"Black, Pink, White"
pepperrow,pepperrow_26.jpg,White
pepperrow,pepperrow_27.jpg,"Grey, Cream/Khaki/Beige"
pepperrow,pepperrow_29.jpg,Pink
pepperrow,pepperrow_32.jpg,Pink
pepperrow,pepperrow_4.jpg,Cream/Khaki/Beige
pepperrow,pepperrow_5.jpg,Pink
pepperrow,pepperrow_7.jpg,Brown
pepperrow,pepperrow_9.jpg,"Grey, White"
pettre_taylor,pettre_taylor_1.jpg,Cream/Khaki/Beige
pettre_taylor,pettre_taylor_11.jpg,"Brown, Cream/Khaki/Beige"
pettre_taylor,pettre_taylor_12.jpg,White
pettre_taylor,pettre_taylor_16.jpg,Cream/Khaki/Beige
pettre_taylor,pettre_taylor_17.jpg,"Grey, White"
pettre_taylor,pettre_taylor_18.jpg,"Black, Brown"
pettre_taylor,pettre_taylor_2.jpg,"Cream/Khaki/Beige, White"
pettre_taylor,pettre_taylor_20.jpg,Black
pettre_taylor,pettre_taylor_21.jpg,Pink
pettre_taylor,pettre_taylor_23.jpg,"Grey, White"
pettre_taylor,pettre_taylor_24.jpg,"Red, Brown"
pettre_taylor,pettre_taylor_25.jpg,Cream/Khaki/Beige
pettre_taylor,pettre_taylor_26.jpg,Yellow
pettre_taylor,pettre_taylor_27.jpg,Grey
pettre_taylor,pettre_taylor_28.jpg,"Grey, White"
pettre_taylor,pettre_taylor_29.jpg,Cream/Khaki/Beige
pettre_taylor,pettre_taylor_3.jpg,White
pettre_taylor,pettre_taylor_4.jpg,"Grey, Cream/Khaki/Beige, White"
pettre_taylor,pettre_taylor_6.jpg,White
pettre_taylor,pettre_taylor_8.jpg,Pink
pettre_taylor,pettre_taylor_9.jpg,Cream/Khaki/Beige
rendoll,rendoll_1.jpg,"Green, Blue"
rendoll,rendoll_10.jpg,"Yellow, White"
rendoll,rendoll_11.jpg,"Grey, Cream/Khaki/Beige"
rendoll,rendoll_12.jpg,White
rendoll,rendoll_13.jpg,Black
rendoll,rendoll_14.jpg,Blue
rendoll,rendoll_15.jpg,"Purple, Blue"
rendoll,rendoll_17.jpg,Red
rendoll,rendoll_18.jpg,Pink
rendoll,rendoll_19.jpg,Blue
rendoll,rendoll_3.jpg,"Green, Grey"
rendoll,rendoll_4.jpg,"Green, Grey"
rendoll,rendoll_5.jpg,"Green, Grey, Blue"
rendoll,rendoll_7.jpg,Grey
rendoll,rendoll_8.jpg,Blue
rendoll,rendoll_9.jpg,"Yellow, White"
revival_london,revival_london_1.jpg,"Red, White"
revival_london,revival_london_10.jpg,"Red, Pink"
revival_london,revival_london_11.jpg,"Cream/Khaki/Beige, White"
revival_london,revival_london_12.jpg,"Black, Grey"
revival_london,revival_london_4.jpg,White
revival_london,revival_london_6.jpg,"Grey, White"
revival_london,revival_london_7.jpg,"Cream/Khaki/Beige, White"
revival_london,revival_london_8.jpg,"Grey, White"
revival_london,revival_london_9.jpg,White
sahrazad,sahrazad_1.jpg,"Grey, White"
sahrazad,sahrazad_10.jpg,"Purple, Pink"
sahrazad,sahrazad_12.jpg,Black
sahrazad,sahrazad_13.jpg,Black
sahrazad,sahrazad_14.jpg,"Black, Grey"
sahrazad,sahrazad_15.jpg,Black
sahrazad,sahrazad_16.jpg,"Grey, White"
sahrazad,sahrazad_17.jpg,White
sahrazad,sahrazad_2.jpg,"Red, Purple"
sahrazad,sahrazad_3.jpg,"Red, Black, Purple"
sahrazad,sahrazad_4.jpg,Black
sahrazad,sahrazad_5.jpg,"Grey, White"
sahrazad,sahrazad_6.jpg,Black
sahrazad,sahrazad_7.jpg,Black
sahrazad,sahrazad_9.jpg,"Black, Purple"
sevon_dejana,sevon_dejana_11.jpg,"Grey, White"
sevon_dejana,sevon_dejana_15.jpg,"Grey, Cream/Khaki/Beige"
sevon_dejana,sevon_dejana_16.jpg,"Black, Purple"
sevon_dejana,sevon_dejana_20.jpg,"Grey, Blue"
sevon_dejana,sevon_dejana_21.jpg,"Purple, Black"
sevon_dejana,sevon_dejana_22.jpg,"Pink, Orange, Brown"
sevon_dejana,sevon_dejana_23.jpg,White
sevon_dejana,sevon_dejana_25.jpg,"Black, Cream/Khaki/Beige"
sevon_dejana,sevon_dejana_26.jpg,Cream/Khaki/Beige
sevon_dejana,sevon_dejana_28.jpg,Black
sevon_dejana,sevon_dejana_29.jpg,Black
sevon_dejana,sevon_dejana_30.jpg,Black
sevon_dejana,sevon_dejana_33.jpg,Black
sevon_dejana,sevon_dejana_35.jpg,Black
sevon_dejana,sevon_dejana_6.jpg,"Grey, White"
sevon_dejana,sevon_dejana_8.jpg,White
sevon_dejana,sevon_dejana_9.jpg,Cream/Khaki/Beige
street_souk,street_souk_1.jpg,"Green, Grey"
street_souk,street_souk_10.jpg,Black
street_souk,street_souk_12.jpg,Blue
street_souk,street_souk_13.jpg,Brown
street_souk,street_souk_15.jpg,Black
street_souk,street_souk_16.jpg,Cream/Khaki/Beige
street_souk,street_souk_17.jpg,"Grey, Brown"
street_souk,street_souk_2.jpg,Black
street_souk,street_souk_3.jpg,"Black, Grey"
street_souk,street_souk_4.jpg,Brown
street_souk,street_souk_6.jpg,"Black, Grey"
street_souk,street_souk_7.jpg,White
street_souk,street_souk_9.jpg,Grey
studio_imo,studio_imo_1.jpg,White
studio_imo,studio_imo_10.jpg,Yellow
studio_imo,studio_imo_11.jpg,Brown
studio_imo,studio_imo_12.jpg,Cream/Khaki/Beige
studio_imo,studio_imo_17.jpg,Blue
studio_imo,studio_imo_19.jpg,Purple
studio_imo,studio_imo_2.jpg,White
studio_imo,studio_imo_20.jpg,White
studio_imo,studio_imo_21.jpg,"Green, Grey, Blue"
studio_imo,studio_imo_22.jpg,Grey
studio_imo,studio_imo_23.jpg,"Green, Yellow"
studio_imo,studio_imo_24.jpg,Grey
studio_imo,studio_imo_27.jpg,Cream/Khaki/Beige
studio_imo,studio_imo_28.jpg,"Red, Pink"
studio_imo,studio_imo_3.jpg,White
studio_imo,studio_imo_30.jpg,"Purple, Pink"
studio_imo,studio_imo_4.jpg,Blue
studio_imo,studio_imo_6.jpg,White
studio_imo,studio_imo_7.jpg,Yellow
studio_imo,studio_imo_8.jpg,Cream/Khaki/Beige
the_or_foundation,the_or_foundation_12.jpg,White
the_or_foundation,the_or_foundation_13.jpg,"Grey, Blue"
the_or_foundation,the_or_foundation_14.jpg,Cream/Khaki/Beige
the_or_foundation,the_or_foundation_15.jpg,"Yellow, Cream/Khaki/Beige"
the_or_foundation,the_or_foundation_16.jpg,Pink
the_or_foundation,the_or_foundation_17.jpg,"Grey, White"
the_or_foundation,the_or_foundation_18.jpg,"Pink, White"
the_or_foundation,the_or_foundation_22.jpg,White
the_or_foundation,the_or_foundation_23.jpg,White
the_or_foundation,the_or_foundation_25.jpg,"Purple, White"
the_or_foundation,the_or_foundation_26.jpg,"White, Blue"
the_or_foundation,the_or_foundation_27.jpg,Purple
the_or_foundation,the_or_foundation_29.jpg,"Purple, White, Blue"
the_or_foundation,the_or_foundation_3.jpg,Blue
the_or_foundation,the_or_foundation_4.jpg,"Grey, Brown"
the_or_foundation,the_or_foundation_5.jpg,Grey
the_or_foundation,the_or_foundation_7.jpg,Grey
the_or_foundation,the_or_foundation_8.jpg,Blue
wote,wote_1.jpg,"Yellow, Grey, Cream/Khaki/Beige"
wote,wote_10.jpg,Grey
wote,wote_11.jpg,Yellow
wote,wote_12.jpg,"Black, Grey"
wote,wote_14.jpg,Yellow
wote,wote_15.jpg,"Black, Grey"
wote,wote_16.jpg,"Grey, Blue"
wote,wote_17.jpg,Blue
wote,wote_19.jpg,"Pink, White, Blue"
wote,wote_2.jpg,Blue
wote,wote_21.jpg,"Yellow, Orange, Brown"
wote,wote_23.jpg,"Yellow, Orange, Brown"
wote,wote_24.jpg,Orange
wote,wote_25.jpg,"Yellow, Cream/Khaki/Beige"
wote,wote_26.jpg,Orange
wote,wote_27.jpg,Black
wote,wote_29.jpg,White
wote,wote_3.jpg,Yellow
wote,wote_30.jpg,Blue
wote,wote_32.jpg,White
wote,wote_4.jpg,"Green, Blue"
wote,wote_5.jpg,Pink
wote,wote_6.jpg,Yellow
wote,wote_8.jpg,Yellow
wote,wote_9.jpg,"White, Blue"
y'wande,y'wande_1.jpg,"Orange, Brown"
y'wande,y'wande_10.jpg,White
y'wande,y'wande_11.jpg,"Yellow, Orange"
y'wande,y'wande_12.jpg,Yellow
y'wande,y'wande_14.jpg,Cream/Khaki/Beige
y'wande,y'wande_16.jpg,Cream/Khaki/Beige
y'wande,y'wande_17.jpg,Yellow
y'wande,y'wande_19.jpg,Cream/Khaki/Beige
y'wande,y'wande_2.jpg,"Cream/Khaki/Beige, White"
y'wande,y'wande_20.jpg,"Red, Pink"
y'wande,y'wande_22.jpg,"Red, White"
y'wande,y'wande_23.jpg,White
y'wande,y'wande_24.jpg,"Grey, Cream/Khaki/Beige, White"
y'wande,y'wande_26.jpg,"Red, Orange"
y'wande,y'wande_28.jpg,Pink
y'wande,y'wande_29.jpg,White
y'wande,y'wande_3.jpg,White
y'wande,y'wande_31.jpg,"Black, Grey"
y'wande,y'wande_32.jpg,Grey
y'wande,y'wande_33.jpg,"Orange, Brown"
y'wande,y'wande_34.jpg,Red
y'wande,y'wande_4.jpg,Cream/Khaki/Beige
y'wande,y'wande_5.jpg,White
y'wande,y'wande_9.jpg,Cream/Khaki/Beige
